<?xml version="1.0" encoding="UTF-8"?>
<project-private xmlns="http://www.netbeans.org/ns/project-private/1">
    <editor-bookmarks xmlns="http://www.netbeans.org/ns/editor-bookmarks/2" lastBookmarkId="0"/>
    <open-files xmlns="http://www.netbeans.org/ns/projectui-open-files/2">
        <group>
            <file>file:/Users/JosePereda/Gluon/Gluon-OSS/JavaFX11/jpereda-openjfx-samples/IDE/NetBeans/Non-Modular/Java/hellofx/nbproject/project.properties</file>
            <file>file:/Users/JosePereda/Gluon/Gluon-OSS/JavaFX11/jpereda-openjfx-samples/IDE/NetBeans/Non-Modular/Java/hellofx/nbproject/genfiles.properties</file>
            <file>file:/Users/JosePereda/Gluon/Gluon-OSS/JavaFX11/jpereda-openjfx-samples/IDE/NetBeans/Non-Modular/Java/hellofx/nbproject/project.xml</file>
            <file>file:/Users/JosePereda/Gluon/Gluon-OSS/JavaFX11/jpereda-openjfx-samples/IDE/NetBeans/Non-Modular/Java/hellofx/nbproject/build-impl.xml</file>
        </group>
    </open-files>
</project-private>
